site,tomst_id,maxdt
1,94194324,2022-09-29T06:00:00Z
2,94194338,2022-09-29T13:15:00Z
3,94194207,2022-09-30T10:15:00Z
4,94194319,2022-09-29T09:45:00Z
5,94194296,2022-10-02T09:15:00Z
6,94194322,2022-10-02T07:45:00Z
7,94194336,2022-09-29T12:45:00Z
8,94194298,2022-10-02T11:00:00Z
10,94194316,2022-09-29T09:45:00Z
11,94194294,2022-09-30T08:00:00Z
12,94194318,2022-09-29T12:00:00Z
13,94194329,2022-09-29T07:00:00Z
14,94194201,2022-09-30T07:45:00Z
15,94194315,2022-09-29T09:00:00Z
16,94194335,2022-09-29T12:15:00Z
17,94194295,2022-10-02T09:45:00Z
18,94194300,2022-10-02T11:45:00Z
19,94194328,2022-09-29T06:30:00Z
20,94194312,2022-09-29T09:00:00Z
21,94194321,2022-10-02T11:15:00Z
22,94194327,2022-09-29T06:00:00Z
23,94194311,2022-09-29T08:15:00Z
25,94194210,2022-09-29T11:00:00Z
26,94194320,2022-09-29T10:15:00Z
27,94194203,2022-09-30T10:00:00Z
28,94194206,2022-09-30T10:45:00Z
29,94194202,2022-09-30T07:15:00Z
30,94194314,2022-09-29T09:15:00Z
31,94194333,2022-09-29T11:30:00Z
32,94194323,2022-10-02T12:45:00Z
33,94194313,2022-09-29T08:30:00Z
35,94194421,2022-09-29T05:30:00Z
36,94194331,2022-10-02T12:15:00Z
37,94194292,2022-10-02T08:00:00Z
38,94194337,2022-09-30T09:15:00Z
39,94194299,2020-07-17T09:00:00Z
39,94212876,2022-10-02T10:30:00Z
40,94194205,2022-09-30T10:15:00Z
41,94190043,2022-09-29T11:00:00Z
42,94212877,2022-10-02T12:30:00Z
44,94194293,2022-10-02T08:30:00Z
45,94194297,2022-10-02T09:45:00Z
46,94194209,2022-09-30T11:15:00Z
47,94194204,2022-09-30T11:00:00Z
48,94194332,2022-10-02T12:00:00Z
50,94194334,2022-09-29T11:45:00Z
51,94194208,2022-09-30T11:15:00Z
52,94194340,2022-09-29T13:30:00Z
53,94194291,2022-09-30T08:15:00Z
54,94194339,2022-09-29T13:15:00Z
55,94194325,2022-09-29T06:15:00Z
